{
  "v1": {
    "AUC": 0.9526754849379256,
    "n_features": 18
  },
  "v2": {
    "AUC": 0.9476368786822553,
    "n_features": 9
  },
  "v3": {
    "AUC": 0.9574302058330366,
    "n_features": 13
  },
  "v4": {
    "AUC": 0.9474726845577849,
    "n_features": 9
  },
  "v5": {
    "AUC": 0.9527085929335155,
    "n_features": 13
  }
}