Vector,AUC,n_features
v1,0.9526754849379256,18
v2,0.9476368786822553,9
v3,0.9574302058330366,13
v4,0.9474726845577849,9
v5,0.9527085929335155,13
