Model,Accuracy,Recall,Precision,F1-Score
RF,0.99875,0.42857142857142855,0.75,0.5454545454545454
DT,0.99875,0.7142857142857143,0.625,0.6666666666666666
LR,0.99825,0.0,0.0,0.0
NB,0.983,0.7142857142857143,0.07042253521126761,0.1282051282051282
ANN,0.99825,0.0,0.0,0.0
